Model,Accuracy,Precision,Recall,Weighted F1-score
Random Forest,0.6971830985915493,0.6960057558976147,0.6971830985915493,0.6946222791293213
XGBoost,0.5774647887323944,0.5898578230612993,0.5774647887323944,0.5835955001262637
